Time,CPU%,MemoryMB,Handles,Threads,Anomaly
17:52:21,0,154,271,1,False
17:52:49,0,154,271,1,False
17:53:19,0,154,271,1,False
17:53:49,0,154,271,1,False
18:02:17,0,154,271,1,False
18:02:48,0,154,271,1,False
18:03:18,0,154,271,1,False
18:03:48,0,155,275,1,False
18:04:18,0,155,275,1,False
18:04:48,0,155,275,1,False
18:05:18,0,155,275,1,False
18:05:48,0,155,275,1,False
18:06:18,0,155,275,1,False
18:06:48,0,155,275,1,False
18:07:18,0,155,275,1,False
18:07:48,0,155,275,1,False
18:08:18,0,155,275,1,False
18:08:48,0,155,275,1,False
18:09:18,0,155,275,1,False
18:09:48,0,155,275,1,False
18:10:18,0,155,275,1,False
18:10:48,0,155,275,1,False
18:11:18,0,155,275,1,False
18:11:48,0,155,275,1,False
18:12:18,0,155,275,1,False
18:12:48,0,155,275,1,False
18:13:18,0,155,275,1,False
18:13:48,0,155,275,1,False
18:14:18,0,155,275,1,False
18:14:48,0,155,275,1,False
18:15:18,0,155,275,1,False
18:15:48,0,155,275,1,False
18:16:18,0,155,275,1,False
18:16:48,0,155,275,1,False
18:17:19,0,155,275,1,False
18:17:49,0,155,275,1,False
18:18:19,0,155,275,1,False
18:18:49,0,155,275,1,False
18:19:19,0,155,275,1,False
18:19:49,0,155,275,1,False
18:20:19,0,155,275,1,False
18:20:49,0,155,275,1,False
18:21:19,0,155,275,1,False
18:21:49,0,155,275,1,False
18:22:19,0,155,275,1,False
18:22:49,0,155,275,1,False
18:23:19,0,155,275,1,False
18:23:49,0,155,275,1,False
18:24:19,0,155,275,1,False
18:24:49,0,155,275,1,False
18:25:19,0,155,275,1,False
18:25:49,0,155,275,1,False
18:26:19,0,155,275,1,False
18:26:49,0,155,275,1,False
18:27:19,0,155,275,1,False
18:27:49,0,155,275,1,False
18:28:19,0,155,275,1,False
18:28:49,0,155,275,1,False
18:29:19,0,155,275,1,False
18:29:49,0,155,275,1,False
18:30:19,0,155,275,1,False
18:30:49,0,155,275,1,False
18:31:20,0,155,275,1,False
18:31:50,0,155,275,1,False
18:32:20,0,155,275,1,False
18:32:50,0,155,275,1,False
18:33:20,0,155,275,1,False
18:33:50,0,155,275,1,False
18:34:20,0,155,275,1,False
18:34:50,0,155,275,1,False
18:35:20,0,155,275,1,False
18:35:50,0,155,275,1,False
18:36:20,0,155,275,1,False
18:36:50,0,155,275,1,False
18:37:20,0,155,275,1,False
18:37:50,0,155,275,1,False
18:38:20,0,155,275,1,False
18:38:50,0,155,275,1,False
18:39:20,0,155,275,1,False
18:39:50,0,155,275,1,False
18:40:20,0,155,275,1,False
18:40:50,0,155,275,1,False
18:41:20,0,155,275,1,False
18:41:50,0,155,275,1,False
18:42:20,0,155,275,1,False
18:42:50,0,155,275,1,False
18:43:20,0,155,275,1,False
18:43:50,0,155,275,1,False
18:44:20,0,155,275,1,False
18:44:50,0,155,275,1,False
18:45:21,0,155,275,1,False
18:45:51,0,155,275,1,False
18:46:21,0,155,275,1,False
18:46:51,0,155,275,1,False
18:47:21,0,155,275,1,False
18:47:51,0,155,275,1,False
18:48:21,0,155,275,1,False
18:48:51,0,155,275,1,False
18:49:21,0,155,275,1,False
18:49:51,0,155,275,1,False
18:50:21,0,155,275,1,False
18:50:51,0,155,275,1,False
18:51:21,0,155,275,1,False
18:51:51,0,155,275,1,False
18:52:21,0,155,275,1,False
18:52:51,0,155,275,1,False
18:53:21,0,155,275,1,False
18:53:51,0,155,275,1,False
18:54:21,0,155,275,1,False
18:54:51,0,155,275,1,False
18:55:21,0,155,275,1,False
18:55:51,0,155,275,1,False
18:56:21,0,155,275,1,False
18:56:51,0,155,275,1,False
18:57:21,0,155,275,1,False
18:57:51,0,155,275,1,False
18:58:21,0,155,275,1,False
18:58:51,0,155,275,1,False
18:59:21,0,155,275,1,False
18:59:52,0,155,275,1,False
19:00:22,0,155,275,1,False
19:00:52,0,155,275,1,False
19:01:22,0,155,275,1,False
19:01:52,0,155,275,1,False
19:02:22,0,155,275,1,False
19:02:52,0,155,275,1,False
19:03:22,0,155,275,1,False
19:03:52,0,155,275,1,False
19:04:22,0,155,275,1,False
19:04:52,0,155,275,1,False
19:05:22,0,155,275,1,False
19:05:52,0,155,275,1,False
19:06:22,0,155,275,1,False
19:06:52,0,155,275,1,False
19:07:22,0,155,275,1,False
19:07:52,0,155,275,1,False
19:08:22,0,155,275,1,False
19:08:52,0,155,275,1,False
19:09:22,0,155,275,1,False
19:09:52,0,155,275,1,False
19:10:22,0,155,275,1,False
19:10:52,0,155,275,1,False
19:11:22,0,155,275,1,False
19:11:52,0,155,275,1,False
19:12:22,0,155,275,1,False
19:12:52,0,155,275,1,False
19:13:22,0,155,275,1,False
19:13:52,0,155,275,1,False
19:14:22,0,155,275,1,False
19:14:52,0,155,275,1,False
19:15:23,0,155,275,1,False
19:15:53,0,155,275,1,False
19:16:23,0,155,275,1,False
19:16:53,0,155,275,1,False
19:17:23,0,155,275,1,False
19:17:53,0,155,275,1,False
19:18:23,0,155,275,1,False
19:18:53,0,155,275,1,False
19:19:23,0,155,275,1,False
19:19:53,0,155,275,1,False
19:20:23,0,155,275,1,False
19:20:53,0,155,275,1,False
19:21:23,0,155,275,1,False
19:21:53,0,155,275,1,False
19:22:23,0,155,275,1,False
19:22:53,0,155,275,1,False
19:23:23,0,155,275,1,False
19:23:53,0,155,275,1,False
19:24:23,0,155,275,1,False
19:24:53,0,155,275,1,False
19:25:23,0,155,275,1,False
19:25:53,0,155,275,1,False
19:26:23,0,155,275,1,False
19:26:53,0,155,275,1,False
19:27:23,0,155,275,1,False
19:27:53,0,155,275,1,False
19:28:23,0,155,275,1,False
19:28:53,0,155,275,1,False
19:29:23,0,155,275,1,False
19:29:54,0,155,275,1,False
19:30:24,0,155,275,1,False
19:30:54,0,155,275,1,False
19:31:24,0,155,275,1,False
19:31:54,0,155,275,1,False
19:32:24,0,155,275,1,False
19:32:54,0,155,275,1,False
19:33:24,0,155,275,1,False
19:33:54,0,155,275,1,False
19:34:24,0,155,275,1,False
19:34:54,0,155,275,1,False
19:35:24,0,155,275,1,False
19:35:54,0,155,275,1,False
19:36:24,0,155,275,1,False
19:36:54,0,155,275,1,False
19:37:24,0,155,275,1,False
19:37:54,0,155,275,1,False
19:38:24,0,155,275,1,False
19:38:54,0,155,275,1,False
19:39:24,0,155,275,1,False
19:39:54,0,155,275,1,False
19:40:24,0,155,275,1,False
19:40:54,0,155,275,1,False
19:41:24,0,155,275,1,False
19:41:54,0,155,275,1,False
19:42:24,0,155,275,1,False
19:42:54,0,155,275,1,False
19:43:24,0,155,275,1,False
19:43:55,0,155,275,1,False
19:44:25,0,155,275,1,False
19:44:55,0,155,275,1,False
19:45:25,0,155,275,1,False
19:45:55,0,155,275,1,False
19:46:25,0,155,275,1,False
19:46:55,0,155,275,1,False
19:47:25,0,155,275,1,False
19:47:55,0,155,275,1,False
19:48:25,0,155,275,1,False
19:48:55,0,155,275,1,False
19:49:25,0,155,275,1,False
19:49:55,0,155,275,1,False
19:50:25,0,155,275,1,False
19:50:55,0,155,275,1,False
19:51:25,0,155,275,1,False
19:51:55,0,155,275,1,False
19:52:25,0,155,275,1,False
19:52:55,0,155,275,1,False
19:53:25,0,155,275,1,False
19:53:55,0,155,275,1,False
19:54:25,0,155,275,1,False
19:54:55,0,155,275,1,False
19:55:25,0,155,275,1,False
19:55:55,0,155,275,1,False
19:56:25,0,155,275,1,False
19:56:55,0,155,275,1,False
19:57:25,0,155,275,1,False
19:57:55,0,155,275,1,False
19:58:26,0,155,275,1,False
19:58:56,0,155,275,1,False
19:59:26,0,155,275,1,False
19:59:56,0,155,275,1,False
20:00:26,0,155,275,1,False
20:00:56,0,155,275,1,False
20:01:26,0,155,275,1,False
20:01:56,0,155,275,1,False
20:02:26,0,155,275,1,False
20:02:56,0,155,275,1,False
20:03:26,0,155,275,1,False
20:03:56,0,155,275,1,False
20:04:26,0,155,275,1,False
20:04:56,0,155,275,1,False
20:05:26,0,155,275,1,False
20:05:56,0,155,275,1,False
20:06:26,0,155,275,1,False
20:06:56,0,155,275,1,False
20:07:26,0,155,275,1,False
20:07:56,0,155,275,1,False
20:08:26,0,155,275,1,False
20:08:56,0,155,275,1,False
20:09:26,0,155,275,1,False
20:09:56,0,155,275,1,False
20:10:26,0,155,275,1,False
20:10:56,0,155,275,1,False
20:11:26,0,155,275,1,False
20:11:56,0,155,275,1,False
20:12:26,0,155,275,1,False
20:12:56,0,155,275,1,False
20:13:26,0,155,275,1,False
20:13:57,0,155,275,1,False
20:14:27,0,155,275,1,False
20:14:57,0,155,275,1,False
20:15:27,0,155,275,1,False
20:15:57,0,155,275,1,False
20:16:27,0,155,275,1,False
20:16:57,0,155,275,1,False
20:17:27,0,155,275,1,False
20:17:57,0,155,275,1,False
20:18:27,0,155,275,1,False
20:18:57,0,155,275,1,False
20:19:27,0,155,275,1,False
20:19:57,0,155,275,1,False
20:20:27,0,155,275,1,False
20:20:57,0,155,275,1,False
20:21:27,0,155,275,1,False
20:21:57,0,155,275,1,False
20:22:27,0,155,275,1,False
20:22:57,0,155,275,1,False
20:23:27,0,155,275,1,False
20:23:57,0,155,275,1,False
20:24:27,0,155,275,1,False
20:24:57,0,155,275,1,False
20:25:27,0,155,275,1,False
20:25:57,0,155,275,1,False
20:26:27,0,155,275,1,False
20:26:57,0,155,275,1,False
20:27:27,0,155,275,1,False
20:27:57,0,155,275,1,False
20:28:27,0,155,275,1,False
20:28:57,0,155,275,1,False
20:29:27,0,155,275,1,False
20:29:58,0,155,275,1,False
20:30:28,0,155,275,1,False
20:30:58,0,155,275,1,False
20:31:28,0,155,275,1,False
20:31:58,0,155,275,1,False
20:32:28,0,155,275,1,False
20:32:58,0,155,275,1,False
20:33:28,0,155,275,1,False
20:33:58,0,155,275,1,False
20:34:28,0,155,275,1,False
20:34:58,0,155,275,1,False
20:35:28,0,155,275,1,False
20:35:58,0,155,275,1,False
20:36:28,0,155,275,1,False
20:36:58,0,155,275,1,False
20:37:28,0,155,275,1,False
20:37:58,0,155,275,1,False
20:38:28,0,155,275,1,False
20:38:58,0,155,275,1,False
20:39:28,0,155,275,1,False
20:39:58,0,155,275,1,False
20:40:28,0,155,275,1,False
20:40:58,0,155,275,1,False
20:41:28,0,155,275,1,False
20:41:58,0,155,275,1,False
20:42:28,0,155,275,1,False
20:42:58,0,155,275,1,False
20:43:28,0,155,275,1,False
20:43:58,0,155,275,1,False
20:44:29,0,155,275,1,False
20:44:59,0,155,275,1,False
20:45:29,0,155,275,1,False
20:45:59,0,155,275,1,False
20:46:29,0,155,275,1,False
20:46:59,0,155,275,1,False
20:47:29,0,155,275,1,False
20:47:59,0,155,275,1,False
20:48:29,0,155,275,1,False
20:48:59,0,155,275,1,False
20:49:29,0,155,275,1,False
20:49:59,0,155,275,1,False
20:50:29,0,155,275,1,False
20:50:59,0,155,275,1,False
20:51:29,0,155,275,1,False
20:51:59,0,155,275,1,False
20:52:29,0,155,275,1,False
20:52:59,0,155,275,1,False
20:53:29,0,155,275,1,False
20:53:59,0,155,275,1,False
20:54:29,0,155,275,1,False
20:54:59,0,155,275,1,False
20:55:29,0,155,275,1,False
20:55:59,0,155,275,1,False
20:56:29,0,155,275,1,False
20:56:59,0,155,275,1,False
20:57:29,0,155,275,1,False
20:57:59,0,155,275,1,False
20:58:29,0,155,275,1,False
20:59:00,0,155,275,1,False
20:59:30,0,155,275,1,False
21:00:00,0,155,275,1,False
21:00:30,0,155,275,1,False
21:01:00,0,155,275,1,False
21:01:30,0,155,275,1,False
21:02:00,0,155,275,1,False
21:02:30,0,155,275,1,False
21:03:00,0,155,275,1,False
21:03:30,0,155,275,1,False
21:04:00,0,155,275,1,False
21:04:30,0,155,275,1,False
21:05:00,0,155,275,1,False
21:05:30,0,155,275,1,False
21:06:00,0,155,275,1,False
21:06:30,0,155,275,1,False
21:07:00,0,155,275,1,False
21:07:30,0,155,275,1,False
21:08:00,0,155,275,1,False
21:08:30,0,155,275,1,False
21:09:00,0,155,275,1,False
21:09:30,0,155,275,1,False
21:10:00,0,155,275,1,False
21:10:30,0,155,275,1,False
21:11:00,0,155,275,1,False
21:11:30,0,155,275,1,False
21:12:00,0,155,275,1,False
21:12:30,0,155,275,1,False
21:13:00,0,155,275,1,False
21:13:30,0,155,275,1,False
21:14:01,0,155,275,1,False
21:14:31,0,155,275,1,False
21:15:01,0,155,275,1,False
21:15:31,0,155,275,1,False
21:16:01,0,155,275,1,False
21:16:31,0,155,275,1,False
21:17:01,0,155,275,1,False
21:17:31,0,155,275,1,False
21:18:01,0,155,275,1,False
21:18:31,0,155,275,1,False
21:19:01,0,155,275,1,False
21:19:31,0,155,275,1,False
21:20:01,0,155,275,1,False
21:20:31,0,155,275,1,False
21:21:01,0,155,275,1,False
21:21:31,0,155,275,1,False
21:22:01,0,155,275,1,False
21:22:31,0,155,275,1,False
21:23:01,0,155,275,1,False
21:23:31,0,155,275,1,False
21:24:01,0,155,275,1,False
21:24:31,0,155,275,1,False
21:25:01,0,155,275,1,False
21:25:31,0,155,275,1,False
21:26:01,0,155,275,1,False
21:26:31,0,155,275,1,False
21:27:01,0,155,275,1,False
21:27:31,0,155,275,1,False
21:28:01,0,155,275,1,False
21:28:31,0,155,275,1,False
21:29:01,0,155,275,1,False
21:29:32,0,155,275,1,False
21:30:02,0,155,275,1,False
21:30:32,0,155,275,1,False
21:31:02,0,155,275,1,False
21:31:32,0,155,275,1,False
21:32:02,0,155,275,1,False
21:32:32,0,155,275,1,False
21:33:02,0,155,275,1,False
21:33:32,0,155,275,1,False
21:34:02,0,155,275,1,False
21:34:32,0,155,275,1,False
21:35:02,0,155,275,1,False
21:35:32,0,155,275,1,False
21:36:02,0,155,275,1,False
21:36:32,0,155,275,1,False
21:37:02,0,155,275,1,False
21:37:32,0,155,275,1,False
21:38:02,0,155,275,1,False
21:38:32,0,155,275,1,False
21:39:02,0,155,275,1,False
21:39:32,0,155,275,1,False
21:40:02,0,155,275,1,False
21:40:32,0,155,275,1,False
21:41:02,0,155,275,1,False
21:41:32,0,155,275,1,False
21:42:02,0,155,275,1,False
21:42:32,0,155,275,1,False
21:43:02,0,155,275,1,False
21:43:32,0,155,275,1,False
21:44:02,0,155,275,1,False
21:44:32,0,155,275,1,False
21:45:02,0,155,275,1,False
21:45:33,0,155,275,1,False
21:46:03,0,155,275,1,False
21:46:33,0,155,275,1,False
21:47:03,0,155,275,1,False
21:47:33,0,155,275,1,False
21:48:03,0,155,275,1,False
21:48:33,0,155,275,1,False
21:49:03,0,155,275,1,False
21:49:33,0,155,275,1,False
21:50:03,0,155,275,1,False
21:50:33,0,155,275,1,False
21:51:03,0,155,275,1,False
21:51:33,0,155,275,1,False
21:52:03,0,155,275,1,False
21:52:33,0,155,275,1,False
21:53:03,0,155,275,1,False
21:53:33,0,155,275,1,False
21:54:03,0,155,275,1,False
21:54:33,0,155,275,1,False
21:55:03,0,155,275,1,False
21:55:33,0,155,275,1,False
21:56:03,0,155,275,1,False
21:56:33,0,155,275,1,False
21:57:03,0,155,275,1,False
21:57:33,0,155,275,1,False
21:58:03,0,155,275,1,False
21:58:33,0,155,275,1,False
21:59:03,0,155,275,1,False
21:59:33,0,155,275,1,False
22:00:03,0,155,275,1,False
22:00:34,0,155,275,1,False
22:01:04,0,155,275,1,False
22:01:34,0,155,275,1,False
22:02:04,0,155,275,1,False
22:02:34,0,155,275,1,False
22:03:04,0,155,275,1,False
22:03:34,0,155,275,1,False
22:04:04,0,155,275,1,False
22:04:34,0,155,275,1,False
22:05:04,0,155,275,1,False
22:05:34,0,155,275,1,False
22:06:04,0,155,275,1,False
22:06:34,0,155,275,1,False
22:07:04,0,155,275,1,False
22:07:34,0,155,275,1,False
22:08:04,0,155,275,1,False
22:08:34,0,155,275,1,False
22:09:04,0,155,275,1,False
22:09:34,0,155,275,1,False
22:10:04,0,155,275,1,False
22:10:34,0,155,275,1,False
22:11:04,0,155,275,1,False
22:11:34,0,155,275,1,False
22:12:04,0,155,275,1,False
22:12:34,0,155,275,1,False
22:13:04,0,155,275,1,False
22:13:34,0,155,275,1,False
22:14:04,0,155,275,1,False
22:14:34,0,155,275,1,False
22:15:05,0,155,275,1,False
22:15:35,0,155,275,1,False
22:16:05,0,155,275,1,False
22:16:35,0,155,275,1,False
22:17:05,0,155,275,1,False
22:17:35,0,155,275,1,False
22:18:05,0,155,275,1,False
22:18:35,0,155,275,1,False
22:19:05,0,155,275,1,False
22:19:35,0,155,275,1,False
22:20:05,0,155,275,1,False
22:20:35,0,155,275,1,False
22:21:05,0,155,275,1,False
22:21:35,0,155,275,1,False
22:22:05,0,155,275,1,False
22:22:35,0,155,275,1,False
22:23:05,0,155,275,1,False
22:23:35,0,155,275,1,False
22:24:05,0,155,275,1,False
22:24:35,0,155,275,1,False
22:25:05,0,155,275,1,False
22:25:35,0,155,275,1,False
22:26:05,0,155,275,1,False
22:26:35,0,155,275,1,False
22:27:05,0,155,275,1,False
22:27:35,0,155,275,1,False
22:28:05,0,155,275,1,False
22:28:35,0,155,275,1,False
22:29:05,0,155,275,1,False
22:29:35,0,155,275,1,False
22:30:05,0,155,275,1,False
22:30:35,0,155,275,1,False
22:31:06,0,155,275,1,False
22:31:36,0,155,275,1,False
22:32:06,0,155,275,1,False
22:32:36,0,155,275,1,False
22:33:06,0,155,275,1,False
22:33:36,0,155,275,1,False
22:34:06,0,155,275,1,False
22:34:36,0,155,275,1,False
22:35:06,0,155,275,1,False
22:35:36,0,155,275,1,False
22:36:06,0,155,275,1,False
22:36:36,0,155,275,1,False
22:37:06,0,155,275,1,False
22:37:36,0,155,275,1,False
22:38:06,0,155,275,1,False
22:38:36,0,155,275,1,False
22:39:06,0,155,275,1,False
22:39:36,0,155,275,1,False
22:40:06,0,155,275,1,False
22:40:36,0,155,275,1,False
22:41:06,0,155,275,1,False
22:41:36,0,155,275,1,False
22:42:06,0,155,275,1,False
22:42:36,0,155,275,1,False
22:43:06,0,155,275,1,False
22:43:36,0,155,275,1,False
22:44:06,0,155,275,1,False
22:44:36,0,155,275,1,False
22:45:06,0,155,275,1,False
22:45:37,0,155,275,1,False
22:46:07,0,155,275,1,False
22:46:37,0,155,275,1,False
22:47:07,0,155,275,1,False
22:47:37,0,155,275,1,False
22:48:07,0,155,275,1,False
22:48:37,0,155,275,1,False
22:49:07,0,155,275,1,False
22:49:37,0,155,275,1,False
22:50:07,0,155,275,1,False
22:50:37,0,155,275,1,False
22:51:07,0,155,275,1,False
22:51:37,0,155,275,1,False
22:52:07,0,155,275,1,False
22:52:37,0,155,275,1,False
22:53:07,0,155,275,1,False
22:53:37,0,155,275,1,False
22:54:07,0,155,275,1,False
22:54:37,0,155,275,1,False
22:55:07,0,155,275,1,False
22:55:37,0,155,275,1,False
22:56:07,0,155,275,1,False
22:56:37,0,155,275,1,False
22:57:07,0,155,275,1,False
22:57:37,0,155,275,1,False
22:58:07,0,155,275,1,False
22:58:37,0,155,275,1,False
22:59:07,0,155,275,1,False
22:59:37,0,155,275,1,False
23:00:07,0,155,275,1,False
23:00:37,0,155,275,1,False
23:01:08,0,155,275,1,False
23:01:38,0,155,275,1,False
23:02:08,0,155,275,1,False
23:02:38,0,155,275,1,False
23:03:08,0,155,275,1,False
23:03:38,0,155,275,1,False
23:04:08,0,155,275,1,False
23:04:38,0,155,275,1,False
23:05:08,0,155,275,1,False
23:05:38,0,155,275,1,False
23:06:08,0,155,275,1,False
23:06:38,0,155,275,1,False
23:07:08,0,155,275,1,False
23:07:38,0,155,275,1,False
23:08:08,0,155,275,1,False
23:08:38,0,155,275,1,False
23:09:08,0,155,275,1,False
23:09:38,0,155,275,1,False
23:10:08,0,155,275,1,False
23:10:38,0,155,275,1,False
23:11:08,0,155,275,1,False
23:11:38,0,155,275,1,False
23:12:08,0,155,275,1,False
23:12:38,0,155,275,1,False
23:13:08,0,155,275,1,False
23:13:38,0,155,275,1,False
23:14:08,0,155,275,1,False
23:14:38,0,155,275,1,False
23:15:09,0,155,275,1,False
23:15:39,0,155,275,1,False
23:16:09,0,155,275,1,False
23:16:39,0,155,275,1,False
23:17:09,0,155,275,1,False
23:17:39,0,155,275,1,False
23:18:09,0,155,275,1,False
23:18:39,0,155,275,1,False
23:19:09,0,155,275,1,False
23:19:39,0,155,275,1,False
23:20:09,0,155,275,1,False
23:20:39,0,155,275,1,False
23:21:09,0,155,275,1,False
23:21:39,0,155,275,1,False
23:22:09,0,155,275,1,False
23:22:39,0,155,275,1,False
23:23:09,0,155,275,1,False
23:23:39,0,155,275,1,False
23:24:09,0,155,275,1,False
23:24:39,0,155,275,1,False
23:25:09,0,155,275,1,False
23:25:39,0,155,275,1,False
23:26:09,0,155,275,1,False
23:26:39,0,155,275,1,False
23:27:09,0,155,275,1,False
23:27:39,0,155,275,1,False
23:28:09,0,155,275,1,False
23:28:39,0,155,275,1,False
23:29:09,0,155,275,1,False
23:29:39,0,155,275,1,False
23:30:09,0,155,275,1,False
23:30:39,0,155,275,1,False
23:31:09,0,155,275,1,False
23:31:40,0,155,275,1,False
23:32:10,0,155,275,1,False
23:32:40,0,155,275,1,False
23:33:10,0,155,275,1,False
23:33:40,0,155,275,1,False
23:34:10,0,155,275,1,False
23:34:40,0,155,275,1,False
23:35:10,0,155,275,1,False
23:35:40,0,155,275,1,False
23:36:10,0,155,275,1,False
23:36:40,0,155,275,1,False
23:37:10,0,155,275,1,False
23:37:40,0,155,275,1,False
23:38:10,0,155,275,1,False
23:38:40,0,155,275,1,False
23:39:10,0,155,275,1,False
23:39:40,0,155,275,1,False
23:40:10,0,155,275,1,False
23:40:40,0,155,275,1,False
23:41:10,0,155,275,1,False
23:41:40,0,155,275,1,False
23:42:10,0,155,275,1,False
23:42:40,0,155,275,1,False
23:43:10,0,155,275,1,False
23:43:40,0,155,275,1,False
23:44:10,0,155,275,1,False
23:44:40,0,155,275,1,False
23:45:10,0,155,275,1,False
23:45:40,0,155,275,1,False
23:46:10,0,155,275,1,False
23:46:40,0,155,275,1,False
23:47:11,0,155,275,1,False
23:47:41,0,155,275,1,False
23:48:11,0,155,275,1,False
23:48:41,0,155,275,1,False
23:49:11,0,155,275,1,False
23:49:41,0,155,275,1,False
23:50:11,0,155,275,1,False
23:50:41,0,155,275,1,False
23:51:11,0,155,275,1,False
23:51:41,0,155,275,1,False
23:52:11,0,155,275,1,False
23:52:41,0,155,275,1,False
23:53:11,0,155,275,1,False
23:53:41,0,155,275,1,False
23:54:11,0,155,275,1,False
23:54:41,0,155,275,1,False
23:55:11,0,155,275,1,False
23:55:41,0,155,275,1,False
23:56:11,0,155,275,1,False
23:56:41,0,155,275,1,False
23:57:11,0,155,275,1,False
23:57:41,0,155,275,1,False
23:58:11,0,155,275,1,False
23:58:41,0,155,275,1,False
23:59:11,0,155,275,1,False
23:59:41,0,155,275,1,False
00:00:11,0,155,275,1,False
00:00:41,0,155,275,1,False
00:01:11,0,155,275,1,False
00:01:41,0,155,275,1,False
00:02:11,0,155,275,1,False
00:02:41,0,155,275,1,False
00:03:11,0,155,275,1,False
00:03:41,0,155,275,1,False
00:04:12,0,155,275,1,False
00:04:42,0,155,275,1,False
00:05:12,0,155,275,1,False
00:05:42,0,155,275,1,False
00:06:12,0,155,275,1,False
00:06:42,0,155,275,1,False
00:07:12,0,155,275,1,False
00:07:42,0,155,275,1,False
00:08:12,0,155,275,1,False
00:08:42,0,155,275,1,False
00:09:12,0,155,275,1,False
00:09:42,0,155,275,1,False
00:10:12,0,155,275,1,False
00:10:42,0,155,275,1,False
00:11:12,0,155,275,1,False
00:11:42,0,155,275,1,False
00:12:12,0,155,275,1,False
00:12:42,0,155,275,1,False
00:13:12,0,155,275,1,False
00:13:42,0,155,275,1,False
00:14:12,0,155,275,1,False
00:14:42,0,155,275,1,False
00:15:12,0,155,275,1,False
00:15:42,0,155,275,1,False
00:16:12,0,155,275,1,False
00:16:42,0,155,275,1,False
00:17:12,0,155,275,1,False
00:17:42,0,155,275,1,False
00:18:12,0,155,275,1,False
00:18:42,0,155,275,1,False
00:19:13,0,155,275,1,False
00:19:43,0,155,275,1,False
00:20:13,0,155,275,1,False
00:20:43,0,155,275,1,False
00:21:13,0,155,275,1,False
00:21:43,0,155,275,1,False
00:22:13,0,155,275,1,False
00:22:43,0,155,275,1,False
00:23:13,0,155,275,1,False
00:23:43,0,155,275,1,False
00:24:13,0,155,275,1,False
00:24:43,0,155,275,1,False
00:25:13,0,155,275,1,False
00:25:43,0,155,275,1,False
00:26:13,0,155,275,1,False
00:26:43,0,155,275,1,False
00:27:13,0,155,275,1,False
00:27:43,0,155,275,1,False
00:28:13,0,155,275,1,False
00:28:43,0,155,275,1,False
00:29:13,0,155,275,1,False
00:29:43,0,155,275,1,False
00:30:13,0,155,275,1,False
00:30:43,0,155,275,1,False
00:31:13,0,155,275,1,False
00:31:43,0,155,275,1,False
00:32:13,0,155,275,1,False
00:32:43,0,155,275,1,False
00:33:13,0,155,275,1,False
00:33:44,0,155,275,1,False
00:34:14,0,155,275,1,False
00:34:44,0,155,275,1,False
00:35:14,0,155,275,1,False
00:35:44,0,155,275,1,False
00:36:14,0,155,275,1,False
00:36:44,0,155,275,1,False
00:37:14,0,155,275,1,False
00:37:44,0,155,275,1,False
00:38:14,0,155,275,1,False
00:38:44,0,155,275,1,False
00:39:14,0,155,275,1,False
00:39:44,0,155,275,1,False
00:40:14,0,155,275,1,False
00:40:44,0,155,275,1,False
00:41:14,0,155,275,1,False
00:41:44,0,155,275,1,False
00:42:14,0,155,275,1,False
00:42:44,0,155,275,1,False
00:43:14,0,155,275,1,False
00:43:44,0,155,275,1,False
00:44:14,0,155,275,1,False
00:44:44,0,155,275,1,False
00:45:14,0,155,275,1,False
00:45:44,0,155,275,1,False
00:46:14,0,155,275,1,False
00:46:44,0,155,275,1,False
00:47:14,0,155,275,1,False
00:47:44,0,155,275,1,False
00:48:14,0,155,275,1,False
00:48:44,0,155,275,1,False
00:49:15,0,155,275,1,False
00:49:45,0,155,275,1,False
00:50:15,0,155,275,1,False
00:50:45,0,155,275,1,False
00:51:15,0,155,275,1,False
00:51:45,0,155,275,1,False
00:52:15,0,155,275,1,False
00:52:45,0,155,275,1,False
00:53:15,0,155,275,1,False
00:53:45,0,155,275,1,False
00:54:15,0,155,275,1,False
00:54:45,0,155,275,1,False
00:55:15,0,155,275,1,False
00:55:45,0,155,275,1,False
00:56:15,0,155,275,1,False
00:56:45,0,155,275,1,False
00:57:15,0,155,275,1,False
00:57:45,0,155,275,1,False
00:58:15,0,155,275,1,False
00:58:45,0,155,275,1,False
00:59:15,0,155,275,1,False
00:59:45,0,155,275,1,False
01:00:15,0,155,275,1,False
01:00:45,0,155,275,1,False
01:01:15,0,155,275,1,False
01:01:45,0,155,275,1,False
01:02:15,0,155,275,1,False
01:02:45,0,155,275,1,False
01:03:15,0,155,275,1,False
01:03:46,0,155,275,1,False
01:04:16,0,155,275,1,False
01:04:46,0,155,275,1,False
01:05:16,0,155,275,1,False
01:05:46,0,155,275,1,False
01:06:16,0,155,275,1,False
01:06:46,0,155,275,1,False
01:07:16,0,155,275,1,False
01:07:46,0,155,275,1,False
01:08:16,0,155,275,1,False
01:08:46,0,155,275,1,False
01:09:16,0,155,275,1,False
01:09:46,0,155,275,1,False
01:10:16,0,155,275,1,False
01:10:46,0,155,275,1,False
01:11:16,0,155,275,1,False
01:11:46,0,155,275,1,False
01:12:16,0,155,275,1,False
01:12:46,0,155,275,1,False
01:13:16,0,155,275,1,False
01:13:46,0,155,275,1,False
01:14:16,0,155,275,1,False
01:14:46,0,155,275,1,False
01:15:16,0,155,275,1,False
01:15:46,0,155,275,1,False
01:16:16,0,155,275,1,False
01:16:46,0,155,275,1,False
01:17:16,0,155,275,1,False
01:17:46,0,155,275,1,False
01:18:16,0,155,275,1,False
01:18:46,0,155,275,1,False
01:19:16,0,155,275,1,False
01:19:47,0,155,275,1,False
01:20:17,0,155,275,1,False
01:20:47,0,155,275,1,False
01:21:17,0,155,275,1,False
01:21:47,0,155,275,1,False
01:22:17,0,155,275,1,False
01:22:47,0,155,275,1,False
01:23:17,0,155,275,1,False
01:23:47,0,155,275,1,False
01:24:17,0,155,275,1,False
01:24:47,0,155,275,1,False
01:25:17,0,155,275,1,False
01:25:47,0,155,275,1,False
01:26:17,0,155,275,1,False
01:26:47,0,155,275,1,False
01:27:17,0,155,275,1,False
01:27:47,0,155,275,1,False
01:28:17,0,155,275,1,False
01:28:47,0,155,275,1,False
01:29:17,0,155,275,1,False
01:29:47,0,155,275,1,False
01:30:17,0,155,275,1,False
01:30:47,0,155,275,1,False
01:31:17,0,155,275,1,False
01:31:47,0,155,275,1,False
01:32:17,0,155,275,1,False
01:32:47,0,155,275,1,False
01:33:17,0,155,275,1,False
01:33:47,0,155,275,1,False
01:34:17,0,155,275,1,False
01:34:47,0,155,275,1,False
01:35:18,0,155,275,1,False
01:35:48,0,155,275,1,False
01:36:18,0,155,275,1,False
01:36:48,0,155,275,1,False
01:37:18,0,155,275,1,False
01:37:48,0,155,275,1,False
01:38:18,0,155,275,1,False
01:38:48,0,155,275,1,False
01:39:18,0,155,275,1,False
01:39:48,0,155,275,1,False
01:40:18,0,155,275,1,False
01:40:48,0,155,275,1,False
01:41:18,0,155,275,1,False
01:41:48,0,155,275,1,False
01:42:18,0,155,275,1,False
01:42:48,0,155,275,1,False
01:43:18,0,155,275,1,False
01:43:48,0,155,275,1,False
01:44:18,0,155,275,1,False
01:44:48,0,155,275,1,False
01:45:18,0,155,275,1,False
01:45:48,0,155,275,1,False
01:46:18,0,155,275,1,False
01:46:48,0,155,275,1,False
01:47:18,0,155,275,1,False
01:47:48,0,155,275,1,False
01:48:18,0,155,275,1,False
01:48:48,0,155,275,1,False
01:49:18,0,155,275,1,False
01:49:48,0,155,275,1,False
01:50:18,0,155,275,1,False
01:50:49,0,155,275,1,False
01:51:19,0,155,275,1,False
01:51:49,0,155,275,1,False
01:52:19,0,155,275,1,False
01:52:49,0,155,275,1,False
01:53:19,0,155,275,1,False
01:53:49,0,155,275,1,False
01:54:19,0,155,275,1,False
01:54:49,0,155,275,1,False
01:55:19,0,155,275,1,False
01:55:49,0,155,275,1,False
01:56:19,0,155,275,1,False
01:56:49,0,155,275,1,False
01:57:19,0,155,275,1,False
01:57:49,0,155,275,1,False
01:58:19,0,155,275,1,False
01:58:49,0,155,275,1,False
01:59:19,0,155,275,1,False
01:59:49,0,155,275,1,False
02:00:19,0,155,275,1,False
02:00:49,0,155,275,1,False
02:01:19,0,155,275,1,False
02:01:49,0,155,275,1,False
02:02:19,0,155,275,1,False
02:02:49,0,155,275,1,False
02:03:19,0,155,275,1,False
02:03:49,0,155,275,1,False
02:04:19,0,155,275,1,False
02:04:50,0,155,275,1,False
02:05:20,0,155,275,1,False
02:05:50,0,155,275,1,False
02:06:20,0,155,275,1,False
02:06:50,0,155,275,1,False
02:07:20,0,155,275,1,False
02:07:50,0,155,275,1,False
02:08:20,0,155,275,1,False
02:08:50,0,155,275,1,False
02:09:20,0,155,275,1,False
02:09:50,0,155,275,1,False
02:10:20,0,155,275,1,False
02:10:50,0,155,275,1,False
02:11:20,0,155,275,1,False
02:11:50,0,155,275,1,False
02:12:20,0,155,275,1,False
02:12:50,0,155,275,1,False
02:13:20,0,155,275,1,False
02:13:50,0,155,275,1,False
02:14:20,0,155,275,1,False
02:14:50,0,155,275,1,False
02:15:20,0,155,275,1,False
02:15:50,0,155,275,1,False
02:16:20,0,155,275,1,False
02:16:50,0,155,275,1,False
02:17:20,0,155,275,1,False
02:17:50,0,155,275,1,False
02:18:20,0,155,275,1,False
02:18:50,0,155,275,1,False
02:19:20,0,155,275,1,False
02:19:50,0,155,275,1,False
02:20:20,0,155,275,1,False
02:20:50,0,155,275,1,False
02:21:21,0,155,275,1,False
02:21:51,0,155,275,1,False
02:22:21,0,155,275,1,False
02:22:51,0,155,275,1,False
02:23:21,0,155,275,1,False
02:23:51,0,155,275,1,False
02:24:21,0,155,275,1,False
02:24:51,0,155,275,1,False
02:25:21,0,155,275,1,False
02:25:51,0,155,275,1,False
02:26:21,0,155,275,1,False
02:26:51,0,155,275,1,False
02:27:21,0,155,275,1,False
02:27:51,0,155,275,1,False
02:28:21,0,155,275,1,False
02:28:51,0,155,275,1,False
02:29:21,0,155,275,1,False
02:29:51,0,155,275,1,False
02:30:21,0,155,275,1,False
02:30:51,0,155,275,1,False
02:31:21,0,155,275,1,False
02:31:51,0,155,275,1,False
02:32:21,0,155,275,1,False
02:32:51,0,155,275,1,False
02:33:21,0,155,275,1,False
02:33:51,0,155,275,1,False
02:34:21,0,155,275,1,False
02:34:51,0,155,275,1,False
02:35:21,0,155,275,1,False
02:35:51,0,155,275,1,False
02:36:22,0,155,275,1,False
02:36:52,0,155,275,1,False
02:37:22,0,155,275,1,False
02:37:52,0,155,275,1,False
02:38:22,0,155,275,1,False
02:38:52,0,155,275,1,False
02:39:22,0,155,275,1,False
02:39:52,0,155,275,1,False
02:40:22,0,155,275,1,False
02:40:52,0,155,275,1,False
02:41:22,0,155,275,1,False
02:41:52,0,155,275,1,False
02:42:22,0,155,275,1,False
02:42:52,0,155,275,1,False
02:43:22,0,155,275,1,False
02:43:52,0,155,275,1,False
02:44:22,0,155,275,1,False
02:44:52,0,155,275,1,False
02:45:22,0,155,275,1,False
02:45:52,0,155,275,1,False
02:46:22,0,155,275,1,False
02:46:52,0,155,275,1,False
02:47:22,0,155,275,1,False
02:47:52,0,155,275,1,False
02:48:22,0,155,275,1,False
02:48:52,0,155,275,1,False
02:49:22,0,155,275,1,False
02:49:52,0,155,275,1,False
02:50:22,0,155,275,1,False
02:50:53,0,155,275,1,False
02:51:23,0,155,275,1,False
02:51:53,0,155,275,1,False
02:52:23,0,155,275,1,False
02:52:53,0,155,275,1,False
02:53:23,0,155,275,1,False
02:53:53,0,155,275,1,False
02:54:23,0,155,275,1,False
02:54:53,0,155,275,1,False
02:55:23,0,155,275,1,False
02:55:53,0,155,275,1,False
02:56:23,0,155,275,1,False
02:56:53,0,155,275,1,False
02:57:23,0,155,275,1,False
02:57:53,0,155,275,1,False
02:58:23,0,155,275,1,False
02:58:53,0,155,275,1,False
02:59:23,0,155,275,1,False
02:59:53,0,155,275,1,False
03:00:23,0,155,275,1,False
03:00:53,0,155,275,1,False
03:01:23,0,155,275,1,False
03:01:53,0,155,275,1,False
03:02:23,0,155,275,1,False
03:02:53,0,155,275,1,False
03:03:23,0,155,275,1,False
03:03:53,0,155,275,1,False
03:04:23,0,155,275,1,False
03:04:53,0,155,275,1,False
03:05:23,0,155,275,1,False
03:05:53,0,155,275,1,False
03:06:24,0,155,275,1,False
03:06:54,0,155,275,1,False
03:07:24,0,155,275,1,False
03:07:54,0,155,275,1,False
03:08:24,0,155,275,1,False
03:08:54,0,155,275,1,False
03:09:24,0,155,275,1,False
03:09:54,0,155,275,1,False
03:10:24,0,155,275,1,False
03:10:54,0,155,275,1,False
03:11:24,0,155,275,1,False
03:11:54,0,155,275,1,False
03:12:24,0,155,275,1,False
03:12:54,0,155,275,1,False
03:13:24,0,155,275,1,False
03:13:54,0,155,275,1,False
03:14:24,0,155,275,1,False
03:14:54,0,155,275,1,False
03:15:24,0,155,275,1,False
03:15:54,0,155,275,1,False
03:16:24,0,155,275,1,False
03:16:54,0,155,275,1,False
03:17:24,0,155,275,1,False
03:17:54,0,155,275,1,False
03:18:24,0,155,275,1,False
03:18:54,0,155,275,1,False
03:19:24,0,155,275,1,False
03:19:54,0,155,275,1,False
03:20:24,0,155,275,1,False
03:20:54,0,155,275,1,False
03:21:25,0,155,275,1,False
03:21:55,0,155,275,1,False
03:22:25,0,155,275,1,False
03:22:55,0,155,275,1,False
03:23:25,0,155,275,1,False
03:23:55,0,155,275,1,False
03:24:25,0,155,275,1,False
03:24:55,0,155,275,1,False
03:25:25,0,155,275,1,False
03:25:55,0,155,275,1,False
03:26:25,0,155,275,1,False
03:26:55,0,155,275,1,False
03:27:25,0,155,275,1,False
03:27:55,0,155,275,1,False
03:28:25,0,155,275,1,False
03:28:55,0,155,275,1,False
03:29:25,0,155,275,1,False
03:29:55,0,155,275,1,False
03:30:25,0,155,275,1,False
03:30:55,0,155,275,1,False
03:31:25,0,155,275,1,False
03:31:55,0,155,275,1,False
03:32:25,0,155,275,1,False
03:32:55,0,155,275,1,False
03:33:25,0,155,275,1,False
03:33:55,0,155,275,1,False
03:34:25,0,155,275,1,False
03:34:55,0,155,275,1,False
03:35:25,0,155,275,1,False
03:35:55,0,155,275,1,False
03:36:26,0,155,275,1,False
03:36:56,0,155,275,1,False
03:37:26,0,155,275,1,False
03:37:56,0,155,275,1,False
03:38:26,0,155,275,1,False
03:38:56,0,155,275,1,False
03:39:26,0,155,275,1,False
03:39:56,0,155,275,1,False
03:40:26,0,155,275,1,False
03:40:56,0,155,275,1,False
03:41:26,0,155,275,1,False
03:41:56,0,155,275,1,False
03:42:26,0,155,275,1,False
03:42:56,0,155,275,1,False
03:43:26,0,155,275,1,False
03:43:56,0,155,275,1,False
03:44:26,0,155,275,1,False
03:44:56,0,155,275,1,False
03:45:26,0,155,275,1,False
03:45:56,0,155,275,1,False
03:46:26,0,155,275,1,False
03:46:56,0,155,275,1,False
03:47:26,0,155,275,1,False
03:47:56,0,155,275,1,False
03:48:26,0,155,275,1,False
03:48:56,0,155,275,1,False
03:49:26,0,155,275,1,False
03:49:56,0,155,275,1,False
03:50:26,0,155,275,1,False
03:50:56,0,155,275,1,False
03:51:26,0,155,275,1,False
03:51:57,0,155,275,1,False
03:52:27,0,155,275,1,False
03:52:57,0,155,275,1,False
03:53:27,0,155,275,1,False
03:53:57,0,155,275,1,False
03:54:27,0,155,275,1,False
03:54:57,0,155,275,1,False
03:55:27,0,155,275,1,False
03:55:57,0,155,275,1,False
03:56:27,0,155,275,1,False
03:56:57,0,155,275,1,False
03:57:27,0,155,275,1,False
03:57:57,0,155,275,1,False
03:58:27,0,155,275,1,False
03:58:57,0,155,275,1,False
03:59:27,0,155,275,1,False
03:59:57,0,155,275,1,False
04:00:27,0,155,275,1,False
04:00:57,0,155,275,1,False
04:01:27,0,155,275,1,False
04:01:57,0,155,275,1,False
04:02:27,0,155,275,1,False
04:02:57,0,155,275,1,False
04:03:27,0,155,275,1,False
04:03:57,0,155,275,1,False
04:04:27,0,155,275,1,False
04:04:57,0,155,275,1,False
04:05:27,0,155,275,1,False
04:05:57,0,155,275,1,False
04:06:27,0,155,275,1,False
04:06:58,0,155,275,1,False
04:07:28,0,155,275,1,False
04:07:58,0,155,275,1,False
04:08:28,0,155,275,1,False
04:08:58,0,155,275,1,False
04:09:28,0,155,275,1,False
04:09:58,0,155,275,1,False
04:10:28,0,155,275,1,False
04:10:58,0,155,275,1,False
04:11:28,0,155,275,1,False
04:11:58,0,155,275,1,False
04:12:28,0,155,275,1,False
04:12:58,0,155,275,1,False
04:13:28,0,155,275,1,False
04:13:58,0,155,275,1,False
04:14:28,0,155,275,1,False
04:14:58,0,155,275,1,False
04:15:28,0,155,275,1,False
04:15:58,0,155,275,1,False
04:16:28,0,155,275,1,False
04:16:58,0,155,275,1,False
04:17:28,0,155,275,1,False
04:17:58,0,155,275,1,False
04:18:28,0,155,275,1,False
04:18:58,0,155,275,1,False
04:19:28,0,155,275,1,False
04:19:58,0,155,275,1,False
04:20:28,0,155,275,1,False
04:20:58,0,155,275,1,False
04:21:29,0,155,275,1,False
04:21:59,0,155,275,1,False
04:22:29,0,155,275,1,False
04:22:59,0,155,275,1,False
04:23:29,0,155,275,1,False
04:23:59,0,155,275,1,False
04:24:29,0,155,275,1,False
04:24:59,0,155,275,1,False
04:25:29,0,155,275,1,False
04:25:59,0,155,275,1,False
04:26:29,0,155,275,1,False
04:26:59,0,155,275,1,False
04:27:29,0,155,275,1,False
04:27:59,0,155,275,1,False
04:28:29,0,155,275,1,False
04:28:59,0,155,275,1,False
04:29:29,0,155,275,1,False
04:29:59,0,155,275,1,False
04:30:29,0,155,275,1,False
04:30:59,0,155,275,1,False
04:31:29,0,155,275,1,False
04:31:59,0,155,275,1,False
04:32:29,0,155,275,1,False
04:32:59,0,155,275,1,False
04:33:29,0,155,275,1,False
04:33:59,0,155,275,1,False
04:34:29,0,155,275,1,False
04:34:59,0,155,275,1,False
04:35:29,0,155,275,1,False
04:35:59,0,155,275,1,False
04:36:29,0,155,275,1,False
04:37:00,0,155,275,1,False
04:37:30,0,155,275,1,False
04:38:00,0,155,275,1,False
04:38:30,0,155,275,1,False
04:39:00,0,155,275,1,False
04:39:30,0,155,275,1,False
04:40:00,0,155,275,1,False
04:40:30,0,155,275,1,False
04:41:00,0,155,275,1,False
04:41:30,0,155,275,1,False
04:42:00,0,155,275,1,False
04:42:30,0,155,275,1,False
04:43:00,0,155,275,1,False
04:43:30,0,155,275,1,False
04:44:00,0,155,275,1,False
04:44:30,0,155,275,1,False
04:45:00,0,155,275,1,False
04:45:30,0,155,275,1,False
04:46:00,0,155,275,1,False
04:46:30,0,155,275,1,False
04:47:00,0,155,275,1,False
04:47:30,0,155,275,1,False
04:48:00,0,155,275,1,False
04:48:30,0,155,275,1,False
04:49:00,0,155,275,1,False
04:49:30,0,155,275,1,False
04:50:01,0,155,275,1,False
04:50:31,0,155,275,1,False
04:51:01,0,155,275,1,False
04:51:31,0,155,275,1,False
04:52:01,0,155,275,1,False
04:52:31,0,155,275,1,False
04:53:01,0,155,275,1,False
04:53:31,0,155,275,1,False
04:54:01,0,155,275,1,False
04:54:31,0,155,275,1,False
04:55:01,0,155,275,1,False
04:55:31,0,155,275,1,False
04:56:01,0,155,275,1,False
04:56:31,0,155,275,1,False
04:57:01,0,155,275,1,False
04:57:31,0,155,275,1,False
04:58:01,0,155,275,1,False
04:58:31,0,155,275,1,False
04:59:01,0,155,275,1,False
04:59:31,0,155,275,1,False
05:00:01,0,155,275,1,False
05:00:31,0,155,275,1,False
05:01:01,0,155,275,1,False
05:01:31,0,155,275,1,False
05:02:01,0,155,275,1,False
05:02:31,0,155,275,1,False
05:03:01,0,155,275,1,False
